tanggal,phrase,frekuensi
2026-01-25,asing,312
2026-01-25,antek,296
2026-01-25,negara,95
2026-01-25,rakyat,88
2026-01-25,prabowo,68
2026-01-25,indonesia,51
2026-01-25,sendiri,47
2026-01-25,omon,47
2026-01-25,pemerintah,42
2026-01-25,musuh,38
2026-01-25,tempo,35
2026-01-25,propaganda,34
2026-01-25,orang,34
2026-01-25,presiden,33
2026-01-25,wowo,31
2026-01-25,baru,28
2026-01-25,rezim,27
2026-01-25,semua,26
2026-01-25,negeri,26
2026-01-25,aseng,25
2026-01-25,pejabat,23
2026-01-25,trump,23
2026-01-25,bersama,22
2026-01-25,padahal,21
2026-01-25,kritik,21
2026-01-25,malah,19
2026-01-25,mau,19
2026-01-25,selalu,18
2026-01-25,dulu,18
2026-01-25,jokowi,18
2026-01-25,luar,18
2026-01-25,bangsa,17
2026-01-25,media,16
2026-01-25,semakin,16
2026-01-25,politik,16
2026-01-25,teriak,16
2026-01-25,koruptor,16
2026-01-25,terus,15
2026-01-25,sekarang,15
2026-01-25,jangan,15
2026-01-25,sampai,14
2026-01-25,narasi,14
2026-01-25,menjadi,14
2026-01-25,amerika,13
2026-01-25,anti,13
2026-01-25,iran,13
2026-01-25,bilang,12
2026-01-25,kepentingan,12
2026-01-25,hidup,12
2026-01-25,pki,12
2026-01-26,asing,97
2026-01-26,antek,80
2026-01-26,rakyat,41
2026-01-26,prabowo,27
2026-01-26,negara,25
2026-01-26,presiden,19
2026-01-26,tempo,18
2026-01-26,indonesia,16
2026-01-26,omon,16
2026-01-26,pemerintah,15
2026-01-26,sendiri,15
2026-01-26,propaganda,13
2026-01-26,negeri,11
2026-01-26,orang,10
2026-01-26,selalu,9
2026-01-26,mau,9
2026-01-26,dulu,8
2026-01-26,hidup,8
2026-01-26,pejabat,8
2026-01-26,semua,8
2026-01-26,baru,7
2026-01-26,sekarang,7
2026-01-26,baik,6
2026-01-26,bego,6
2026-01-26,padahal,6
2026-01-26,nkri,6
2026-01-26,jangan,6
2026-01-26,indo,6
2026-01-26,trump,5
2026-01-26,jokowi,5
2026-01-26,percaya,5
2026-01-26,disinformasi,5
2026-01-26,terlalu,5
2026-01-26,tua,5
2026-01-26,satu,5
2026-01-26,jelas,5
2026-01-26,dll,5
2026-01-26,dng,5
2026-01-26,bayar,5
2026-01-26,jaman,4
2026-01-26,luar,4
2026-01-26,ngeri,4
2026-01-26,berubah,4
2026-01-26,musuh,4
2026-01-26,menjadi,4
2026-01-26,waras,4
2026-01-26,hati,4
2026-01-26,lah,4
2026-01-26,jauh,4
2026-01-26,ngk,4
2026-01-27,antek,44
2026-01-27,asing,37
2026-01-27,tempo,11
2026-01-27,mau,11
2026-01-27,musuh,10
2026-01-27,media,9
2026-01-27,prabowo,8
2026-01-27,negara,8
2026-01-27,sendiri,7
2026-01-27,lah,6
2026-01-27,trump,5
2026-01-27,aseng,5
2026-01-27,semua,5
2026-01-27,rakyat,5
2026-01-27,teriak,5
2026-01-27,baru,5
2026-01-27,orang,4
2026-01-27,presiden,4
2026-01-27,pemerintah,4
2026-01-27,menjadi,4
2026-01-27,anti,4
2026-01-27,kritik,4
2026-01-27,bersama,4
2026-01-27,mata,4
2026-01-27,cek,4
2026-01-27,pemerintahan,3
2026-01-27,tangan,3
2026-01-27,dulu,3
2026-01-27,orba,3
2026-01-27,besar,3
2026-01-27,narasi,3
2026-01-27,pemimpin,3
2026-01-27,soros,3
2026-01-27,gabung,3
2026-01-27,propaganda,3
2026-01-27,amerika,3
2026-01-27,kuat,3
2026-01-27,bod,3
2026-01-27,boc,3
2026-01-27,luar,3
2026-01-27,label,3
2026-01-27,salah,3
2026-01-27,knil,3
2026-01-27,join,2
2026-01-27,parah,2
2026-01-27,data,2
2026-01-27,kosong,2
2026-01-27,mrdi,2
2026-01-27,mindset,2
2026-01-27,sadar,2
2026-01-28,asing,38
2026-01-28,antek,28
2026-01-28,negara,19
2026-01-28,rakyat,15
2026-01-28,orang,10
2026-01-28,musuh,9
2026-01-28,prabowo,8
2026-01-28,perang,7
2026-01-28,tempo,7
2026-01-28,trump,7
2026-01-28,pemerintah,6
2026-01-28,indonesia,6
2026-01-28,omon,6
2026-01-28,aseng,6
2026-01-28,bangsa,6
2026-01-28,lah,5
2026-01-28,kritik,5
2026-01-28,presiden,4
2026-01-28,agustus,4
2026-01-28,media,4
2026-01-28,kepentingan,4
2026-01-28,sendiri,4
2026-01-28,baru,4
2026-01-28,bersama,4
2026-01-28,kekuasaan,4
2026-01-28,istilah,4
2026-01-28,selatan,4
2026-01-28,miskin,3
2026-01-28,pejabat,3
2026-01-28,turun,3
2026-01-28,silahkan,3
2026-01-28,klian,3
2026-01-28,korupsi,3
2026-01-28,padahal,3
2026-01-28,malah,3
2026-01-28,gabung,3
2026-01-28,jaman,3
2026-01-28,rezim,3
2026-01-28,kekuatan,3
2026-01-28,menjadi,3
2026-01-28,anthek,3
2026-01-28,anak,3
2026-01-28,propaganda,3
2026-01-28,akuntable,3
2026-01-28,hrs,2
2026-01-28,penjajah,2
2026-01-28,sejarah,2
2026-01-28,merdeka,2
2026-01-28,merasa,2
2026-01-28,dunia,2
2026-01-29,antek,19
2026-01-29,asing,14
2026-01-29,negara,7
2026-01-29,media,7
2026-01-29,malah,6
2026-01-29,rakyat,6
2026-01-29,pemerintah,5
2026-01-29,indonesia,5
2026-01-29,israel,5
2026-01-29,sendiri,4
2026-01-29,pake,4
2026-01-29,trump,4
2026-01-29,soros,3
2026-01-29,mau,3
2026-01-29,berkuasa,3
2026-01-29,prabowo,3
2026-01-29,omon,3
2026-01-29,sekarang,3
2026-01-29,bayar,3
2026-01-29,presiden,3
2026-01-29,lah,3
2026-01-29,iran,3
2026-01-29,demo,3
2026-01-29,tempo,2
2026-01-29,berapa,2
2026-01-29,propaganda,2
2026-01-29,cari,2
2026-01-29,percaya,2
2026-01-29,karna,2
2026-01-29,peliharaan,2
2026-01-29,teriak,2
2026-01-29,maling,2
2026-01-29,anti,2
2026-01-29,terjadi,2
2026-01-29,donald,2
2026-01-29,bahkan,2
2026-01-29,gabung,2
2026-01-29,orasi,2
2026-01-29,ekonomi,2
2026-01-29,positif,2
2026-01-29,koar,2
2026-01-29,dulu,2
2026-01-29,tiba,2
2026-01-29,pemuja,2
2026-01-29,rezim,2
2026-01-29,narasi,2
2026-01-29,padahal,2
2026-01-29,sendri,2
2026-01-29,besaran,2
2026-01-29,orang,2
2026-01-30,negara,10
2026-01-30,asing,7
2026-01-30,antek,6
2026-01-30,dilakukan,4
2026-01-30,karna,3
2026-01-30,narasi,3
2026-01-30,terbukti,3
2026-01-30,presiden,3
2026-01-30,ronal,3
2026-01-30,tanur,3
2026-01-30,remisi,3
2026-01-30,suka,2
2026-01-30,indonesia,2
2026-01-30,tsb,2
2026-01-30,baru,2
2026-01-30,tertangkap,2
2026-01-30,teman,2
2026-01-30,dua,2
2026-01-30,orang,2
2026-01-30,pelaku,2
2026-01-30,kejahatan,2
2026-01-30,hidup,2
2026-01-30,propaganda,2
2026-01-30,sadar,2
2026-01-30,suatu,2
2026-01-30,jelas,2
2026-01-30,pendapat,2
2026-01-30,prabowo,2
2026-01-30,ngeong,2
2026-01-30,diberi,2
2026-01-30,ingin,2
2026-01-30,malah,2
2026-01-30,korupsi,2
2026-01-30,aseeng,1
2026-01-30,wkookwowkoko,1
2026-01-30,semoga,1
2026-01-30,warga,1
2026-01-30,menjadikan,1
2026-01-30,pilhan,1
2026-01-30,favorit,1
2026-01-30,didatangi,1
2026-01-30,merasa,1
2026-01-30,bangga,1
2026-01-30,terlena,1
2026-01-30,fenomena,1
2026-01-30,lupa,1
2026-01-30,waspada,1
2026-01-30,situasi,1
2026-01-30,berita,1
2026-01-30,imigran,1
2026-01-31,asing,18
2026-01-31,antek,9
2026-01-31,negara,9
2026-01-31,pemerintah,8
2026-01-31,indonesia,5
2026-01-31,inilah,4
2026-01-31,omon,4
2026-01-31,tempo,4
2026-01-31,musuh,4
2026-01-31,undang,4
2026-01-31,harga,3
2026-01-31,orang,3
2026-01-31,ketika,3
2026-01-31,memberitakan,3
2026-01-31,cabai,3
2026-01-31,hidup,3
2026-01-31,propaganda,3
2026-01-31,presiden,3
2026-01-31,sendiri,3
2026-01-31,diri,2
2026-01-31,jurnalisme,2
2026-01-31,narasi,2
2026-01-31,siap,2
2026-01-31,petani,2
2026-01-31,bersama,2
2026-01-31,intervensi,2
2026-01-31,lah,2
2026-01-31,prabowo,2
2026-01-31,alam,2
2026-01-31,masyarakat,2
2026-01-31,menurut,2
2026-01-31,keyakinan,2
2026-01-31,menjelekkan,2
2026-01-31,kosong,2
2026-01-31,terjadi,1
2026-01-31,sesuatu,1
2026-01-31,diselesaikan,1
2026-01-31,cuci,1
2026-01-31,tangan,1
2026-01-31,digantikan,1
2026-01-31,materi,1
2026-01-31,bukti,1
2026-01-31,semua,1
2026-01-31,persoalan,1
2026-01-31,rampung,1
2026-01-31,sogokan,1
2026-01-31,cangkeme,1
2026-01-31,owo,1
2026-01-31,efisiensi,1
2026-01-31,kelakuane,1
2026-02-01,asing,4
2026-02-01,osang,2
2026-02-01,tempo,2
2026-02-01,baik,1
2026-02-01,makan,1
2026-02-01,osengoseng,1
2026-02-01,enak,1
2026-02-01,lupa,1
2026-02-01,pikun,1
2026-02-01,sejak,1
2026-02-01,sidney,1
2026-02-01,jones,1
2026-02-01,jelas,1
2026-02-01,kontem,1
2026-02-01,propaganda,1
2026-02-01,bocah,1
2026-02-01,csis,1
2026-02-01,disitu,1
2026-02-01,institat,1
2026-02-01,institut,1
2026-02-01,krisis,1
2026-02-01,center,1
2026-02-01,forum,1
2026-02-01,studi,1
2026-02-01,agen,1
2026-02-01,perubahan,1
2026-02-01,regime,1
2026-02-01,change,1
2026-02-01,agenda,1
2026-02-01,nah,1
2026-02-01,gromboloannya,1
2026-02-01,meriria,1
2026-02-01,cari,1
2026-02-01,duit,1
2026-02-01,urusan,1
2026-02-01,luar,1
2026-02-01,negri,1
2026-02-01,urus,1
2026-02-01,prabowo,1
2026-02-01,biayain,1
2026-02-01,khusu,1
2026-02-01,open,1
2026-02-01,society,1
2026-02-01,foundation,1
2026-02-01,pemiliknya,1
2026-02-01,george,1
2026-02-01,soros,1
2026-02-01,lumayan,1
2026-02-01,tiap,1
2026-02-01,tahun,1
